id,windows,car,lights,gas,convience,sdpd,lampdist,lat,lon,crime
s_0,0,7,2,885,1420,3698,15.491717044171148,32.5947489,-117.0840969,safe
s_1,0,1,0,2100,1531,1815,43.87294111302672,32.5841174,-117.0737825,safe
s_2,0,4,0,578,486,2147,70.87710048646643,32.5840089,-117.0651994,safe
s_3,0,1,0,1238,1239,2648,25.571291149356885,32.5573874,-117.0841227,safe
s_4,0,1,0,9624,10812,13115,39.37283500755285,32.5468248,-117.0658407,safe
s_5,0,1,1,2128,2124,4993,18.176018039541518,32.5657065,-117.0498762,safe
s_6,0,0,0,766,762,2958,53.970955904203905,32.5611492,-117.0493613,safe
s_7,0,2,0,747,781,2462,33.50619889634996,32.5714932,-117.0582018,safe
s_8,0,6,0,855,869,3348,37.882437818749366,32.5838609,-117.052537,safe
s_9,0,4,0,1346,1346,3614,48.86044826748624,32.5777776,-117.045437,safe
s_10,0,3,0,2148,2148,4268,48.85454608388024,32.5813368,-117.0454742,safe
s_11,0,1,0,3626,3626,7377,24.584712439490342,32.5760652,-117.0225679,safe
s_12,0,1,1,6270,6270,8516,16.162894191188748,32.5739431,-117.0272304,safe
s_13,0,1,0,1805,1850,6792,25.585675402507206,32.5692968,-117.014256,safe
s_14,0,0,0,1426,1426,3007,62.53183611534682,32.5640063,-117.0334967,safe
s_15,0,1,0,1992,1248,16531,174.76102603650529,32.583537,-117.0009341,safe
s_16,0,0,0,1111,1433,15650,236.87638073553225,32.5758706,-116.99896,safe
s_17,0,0,0,2678,3513,13784,79.21396883469532,32.5593624,-116.9884098,safe
s_18,0,1,0,277,1094,2931,220.97743151058066,32.5678259,-116.9516743,safe
s_19,0,1,0,1771,1771,3053,34.229113162808346,32.5533579,-116.9532193,safe
s_20,0,1,0,2144,3300,1669,51.43411425085161,32.7041862,-117.1070028,safe
s_21,0,1,0,958,2857,2246,44.63312972788313,32.7040598,-117.1022821,safe
s_22,0,6,0,1365,1365,918,102.13889495023663,32.7022782,-117.1115589,safe
s_23,0,2,0,1544,1544,1098,22.01912158535629,32.7022601,-117.1095633,safe
s_24,0,1,0,1634,1604,1158,50.50690312270099,32.7048602,-117.1121168,safe
s_25,0,2,0,1439,1439,843,30.17481469623494,32.7042102,-117.114681,safe
s_26,0,5,0,1441,1441,994,22.43504569276351,32.7037859,-117.112546,safe
s_27,0,2,0,1341,1341,893,29.320234569688804,32.7028831,-117.1125245,safe
s_28,0,3,0,1289,1289,844,21.944540445307748,32.7035918,-117.1139461,safe
s_29,0,5,0,1082,1082,636,34.92738305801035,32.704147,-117.1168482,safe
s_30,0,4,1,1122,1122,676,16.302525876973657,32.7035963,-117.1157646,safe
s_31,0,4,1,1051,1051,605,7.21388293816517,32.7030998,-117.1158934,safe
s_32,0,5,0,1535,1414,969,26.682024017557076,32.7048963,-117.1180606,safe
s_33,0,5,0,1361,1361,916,52.79143387714007,32.7038942,-117.1187794,safe
s_34,0,2,0,1116,1116,670,31.551243997920405,32.7021699,-117.1187687,safe
s_35,1,7,1,581,581,520,16.932431209189016,32.7012034,-117.1231272,safe
s_36,0,3,0,168,168,566,32.866293375100014,32.6951494,-117.1189088,safe
s_37,0,1,0,269,269,714,26.820425630102644,32.6951832,-117.1167509,safe
s_38,0,4,1,463,463,910,8.41599412823338,32.6952464,-117.1145837,safe
s_39,0,4,0,578,578,1024,32.85709341601543,32.6942171,-117.1145944,safe
s_40,0,5,0,823,823,989,91.35374534662716,32.6970883,-117.111585,safe
s_41,0,3,0,896,896,1107,38.45494610514152,32.6980494,-117.1115001,safe
s_42,0,3,0,1081,1431,1291,21.597149560330436,32.6980088,-117.1094563,safe
s_43,0,1,0,1115,1130,1325,69.56791453402515,32.6975548,-117.1085566,safe
s_44,0,4,0,1131,1076,1271,45.123610181615156,32.6970808,-117.1085727,safe
s_45,1,5,2,1557,1856,1323,18.674125817717186,32.7010705,-117.1080536,safe
s_46,0,5,0,1414,1763,1184,29.653578093256574,32.7003212,-117.1086544,safe
s_47,0,1,0,1399,1399,1065,45.50407231409175,32.7008223,-117.1093733,safe
s_48,0,4,0,832,832,643,25.470544366401906,32.7001081,-117.1146759,safe
s_49,0,4,1,1070,1643,1680,18.65629041212284,32.7005466,-117.1025322,safe
s_50,0,5,1,576,1502,2174,21.9849852901639,32.7004924,-117.0972536,safe
s_51,0,3,1,1080,1053,2326,20.188559380939658,32.6986958,-117.1004937,safe
s_52,0,4,0,1468,815,2233,45.2254129419203,32.6977297,-117.1012769,safe
s_53,1,5,1,1000,1064,2259,21.97277643201604,32.698154,-117.0991634,safe
s_54,0,3,1,1024,1040,2283,9.312221498578731,32.6979374,-117.0991526,safe
s_55,0,2,1,1020,1188,2266,19.393153748468162,32.6986867,-117.09985,safe
s_56,0,2,0,1277,886,1783,66.52861339065821,32.699123,-117.1031029,safe
s_57,0,3,0,1315,848,1821,29.9278215359368,32.6987799,-117.1030707,safe
s_58,0,2,0,1205,1778,1545,24.814822967850688,32.7005464,-117.1039719,safe
s_59,0,3,1,1386,2160,1364,3.489900989075674,32.7005374,-117.1059031,safe
s_60,0,1,0,1601,1545,1464,24.765951087435383,32.6988448,-117.107349,safe
s_61,0,4,0,1489,596,1974,22.102519303864028,32.6916333,-117.1081221,safe
s_62,0,6,0,1332,753,2131,59.17463089797734,32.6902247,-117.1081007,safe
s_63,0,5,1,939,949,2327,21.301662600271197,32.6884549,-117.1080792,safe
s_64,0,5,1,822,822,2028,19.600859657345403,32.6867032,-117.1070385,safe
s_65,0,6,1,1073,1012,2390,13.821211241253334,32.6887529,-117.1091092,safe
s_66,0,4,0,1363,413,2794,28.508926274327692,32.6894572,-117.1024358,safe
s_67,0,5,0,1023,1141,3139,115.82810966260477,32.6880486,-117.0961273,safe
s_68,0,3,0,1030,641,2535,291.6239635231767,32.6863691,-117.0966744,safe
s_69,0,0,0,1270,1270,1707,26.272456076022728,32.6913714,-117.1142268,safe
s_70,0,1,1,1226,1091,1657,6.2553348273923,32.6913714,-117.1111369,safe
s_71,0,5,0,1462,1462,1899,76.44173039569543,32.6908477,-117.115643,safe
s_72,0,4,1,882,3175,2611,14.138104188861183,32.6889516,-117.1147633,safe
s_73,0,3,0,945,950,3197,50.25644941639975,32.6862426,-117.1118879,safe
s_74,0,8,0,1125,1125,2212,32.221459599097344,32.6877235,-117.1089911,safe
s_75,0,4,0,1702,715,2599,33.662305217928555,32.6908116,-117.1048927,safe
s_76,0,5,0,767,2375,1811,70.04660497218772,32.6882924,-117.1173704,safe
s_77,0,1,0,285,290,2173,84.25028420784223,32.685448,-117.1143126,safe
s_78,0,7,1,529,2610,2047,14.539600909038732,32.6869379,-117.1154284,safe
s_79,0,3,1,403,1075,1405,10.190371531450046,32.6911999,-117.1253955,safe
s_80,0,1,0,169,1023,1638,33.065309821240184,32.6891051,-117.1254385,safe
s_81,0,2,1,676,802,1132,18.285334985383045,32.6928251,-117.126683,safe
s_82,0,6,1,403,507,340,10.1097886987764,32.6959359,-117.1372174,safe
s_83,0,9,0,590,428,653,93.82961911276445,32.6942565,-117.1415519,safe
s_84,0,7,0,136,674,199,44.639720257117325,32.6941933,-117.1396422,safe
s_85,0,8,0,21,789,83,35.714597039613835,32.6935252,-117.138698,safe
s_86,0,4,0,201,317,138,80.92419430521196,32.6938322,-117.1368634,safe
s_87,0,4,0,105,105,350,62.52748998931895,32.6938322,-117.1345996,safe
s_88,0,1,0,351,560,288,48.74989763449013,32.6954123,-117.1371477,safe
s_89,0,2,0,1988,1918,1996,232.62922195476335,32.7020134,-117.1530516,safe
s_90,0,6,1,394,906,398,18.899728582059264,32.7037468,-117.1421297,safe
s_91,0,5,3,1058,1106,994,15.378256457888106,32.6995577,-117.1460993,safe
s_92,1,5,0,441,636,453,59.55839887893966,32.7041079,-117.1382673,safe
s_93,0,7,1,695,671,708,14.773377463516706,32.7026815,-117.136143,safe
s_94,1,5,0,544,739,557,62.52564611304283,32.703327,-117.1396878,safe
s_95,0,5,0,656,851,668,42.31804565311284,32.7025776,-117.1404818,safe
s_96,0,4,0,1005,702,1017,35.898158498528566,32.7017831,-117.1383896,safe
s_97,0,8,0,876,573,888,53.924129810695035,32.702704,-117.1375528,safe
s_98,0,4,0,340,814,343,99.67934119203237,32.7042117,-117.1403906,safe
s_99,0,7,0,765,1257,768,72.42555567757647,32.7014852,-117.1404549,safe
s_100,0,5,0,194,817,256,31.885021944978135,32.7073692,-117.1413656,safe
s_101,0,7,0,206,644,268,27.80946176580071,32.7074094,-117.138941,safe
s_102,1,4,0,606,111,619,44.98360680188904,32.7058747,-117.133877,safe
s_103,0,5,1,629,425,933,18.944941952829197,32.7030399,-117.1338341,safe
s_104,0,2,0,514,514,1047,41.50750494454169,32.7020107,-117.1338341,safe
s_105,0,8,0,513,513,890,73.62422698783392,32.7016676,-117.1346066,safe
s_106,2,5,0,605,897,592,46.25290632532867,32.7044844,-117.1441767,safe
s_107,0,5,3,665,765,962,15.305135954146483,32.7083901,-117.1523865,safe
s_108,4,3,3,576,671,868,12.663223535366066,32.7088234,-117.1519144,safe
s_109,5,2,3,590,347,1549,10.923732662569856,32.7080075,-117.1582766,safe
s_110,0,1,2,689,447,1649,9.394929062412285,32.7071138,-117.1582552,safe
s_111,0,3,3,995,1172,1954,17.84914705179258,32.706193,-117.1563937,safe
s_112,1,2,4,1095,318,1613,11.574326258344808,32.706843,-117.1556534,safe
s_113,0,5,0,542,544,530,49.212699199584954,32.7068114,-117.1449031,safe
s_114,1,5,2,433,651,421,10.970140037292751,32.7066127,-117.1439697,safe
s_115,4,3,0,629,747,616,26.18067122613215,32.7049877,-117.1448817,safe
s_116,0,5,1,597,715,584,25.280981259397112,32.7060259,-117.1457936,safe
s_117,0,5,1,726,671,706,24.764980476070523,32.7073711,-117.1461477,safe
s_118,0,5,2,510,577,260,13.325508137481613,32.7084363,-117.1369423,safe
s_119,0,5,2,329,758,218,15.6963662416817,32.7084724,-117.1388843,safe
s_120,0,3,2,309,118,796,9.044255861201568,32.7115279,-117.1463462,safe
s_121,0,6,3,553,191,661,8.051908106520859,32.7107425,-117.1439965,safe
s_122,0,5,0,665,303,771,36.90381481733828,32.7089822,-117.14493,safe
s_123,0,7,2,714,295,703,9.635652316233006,32.7098127,-117.1439858,safe
s_124,0,4,2,583,430,644,20.354165155189566,32.7083773,-117.1442755,safe
s_125,2,5,3,451,162,1025,8.271614360367986,32.7123765,-117.1458312,safe
s_126,1,3,2,526,99,948,12.83045660127343,32.7122997,-117.14493,safe
s_127,0,4,0,487,60,796,32.669557593502205,32.7111668,-117.1449139,safe
s_128,2,2,2,587,128,779,15.938313938813431,32.7118032,-117.1439912,safe
s_129,2,3,2,538,177,915,7.386064967624955,32.7122411,-117.1439912,safe
s_130,3,4,4,664,151,699,14.971676754796583,32.711573,-117.1434708,safe
s_131,0,4,1,505,279,573,20.1920447450462,32.7112751,-117.1424516,safe
s_132,0,5,1,482,530,544,4.810136160156246,32.7084169,-117.1431995,safe
s_133,0,1,0,138,138,1141,51.13156611689417,32.7016863,-117.1291307,safe
s_134,0,8,0,346,346,1280,38.25784158035803,32.7032708,-117.1287767,safe
s_135,0,4,1,462,462,1097,17.55624976194902,32.7032888,-117.1268669,safe
s_136,0,4,1,396,396,932,8.641704010920698,32.7022416,-117.1263198,safe
s_137,0,4,0,354,354,1083,37.72626128980505,32.7022416,-117.1279076,safe
s_138,0,4,1,245,245,1352,4.706407015051742,32.7022506,-117.1303645,safe
s_139,1,3,1,599,599,923,15.404247324372296,32.7030992,-117.1252147,safe
s_140,0,1,0,536,536,1224,49.42365280086738,32.7048416,-117.1286104,safe
s_141,0,1,0,579,579,1098,66.94289630084003,32.7038407,-117.1262346,safe
s_142,1,2,1,446,249,1411,19.63929059133275,32.7098351,-117.1274041,safe
s_143,6,6,1,622,426,1183,19.700726789178493,32.7082463,-117.1273612,safe
s_144,0,5,1,414,218,1144,16.175750679600597,32.7106476,-117.1268247,safe
s_145,0,3,1,239,326,928,11.407576516666461,32.7105573,-117.1291421,safe
s_146,0,2,0,281,568,685,35.76328592881264,32.7106115,-117.1317385,safe
s_147,0,3,0,512,481,747,25.563224407256254,32.708481,-117.1317385,safe
s_148,1,0,0,583,545,918,67.46378722819973,32.7079664,-117.1305047,safe
s_149,0,7,0,681,440,938,30.96336837940043,32.7074519,-117.1309339,safe
s_150,0,0,0,731,534,1589,66.58794549016581,32.7080081,-117.1265207,safe
s_151,0,6,1,1020,733,1516,10.115782390622742,32.7074845,-117.1263705,safe
s_152,3,1,0,907,620,1520,52.939391744108406,32.7080172,-117.1257857,safe
s_153,0,1,0,817,620,1502,51.97516584911263,32.7069474,-117.1268425,safe
s_154,0,5,0,981,694,2055,27.164578931067815,32.7100115,-117.1227978,safe
s_155,0,3,0,868,581,1942,26.605999843934075,32.7109233,-117.1226476,safe
s_156,0,1,0,1333,795,2157,29.31476600169928,32.7101469,-117.1207968,safe
s_157,0,5,0,954,667,2028,63.89082492389636,32.7104547,-117.1230268,safe
s_158,0,2,1,1059,772,2133,18.239896368025935,32.7095294,-117.1230643,safe
s_159,0,5,0,825,538,1790,57.62768084874882,32.7138239,-117.1236695,safe
s_160,0,4,0,733,446,1699,68.6394168825407,32.7138194,-117.1246512,safe
s_161,0,4,1,1493,770,2316,15.773827138599383,32.7144603,-117.1218992,safe
s_162,0,3,0,1615,892,2438,50.68144370696555,32.7144694,-117.1205957,safe
s_163,2,4,0,1749,1025,2572,106.14161611646932,32.7151825,-117.11996,safe
s_164,0,5,0,1731,1008,2555,40.68583956190047,32.7144644,-117.1193529,safe
s_165,0,1,0,331,286,1448,49.48835393079842,32.7132692,-117.1281216,safe
s_166,0,1,0,492,296,1458,78.6277586636196,32.7132646,-117.1266732,safe
s_167,0,1,0,214,404,1198,52.99236439012062,32.7132601,-117.1293796,safe
s_168,0,3,1,217,285,1202,19.807212436895732,32.7127456,-117.1287305,safe
s_169,0,2,1,13,359,998,19.732205855931305,32.7121221,-117.1301835,safe
s_170,0,5,2,119,406,1045,11.265853831426499,32.7107589,-117.1302183,safe
s_171,0,6,2,196,483,885,7.765061823504469,32.7100729,-117.1302076,safe
s_172,0,7,0,927,499,1189,50.56326598716405,32.7457964,-117.1319074,safe
s_173,0,4,1,973,415,1274,9.013966208543748,32.7457964,-117.1310008,safe
s_174,1,4,0,882,324,1282,42.84767232893089,32.7463197,-117.1306092,safe
s_175,0,5,0,931,614,1193,42.40125077564247,32.7452775,-117.132476,safe
s_176,0,7,0,806,378,1068,40.36710674955443,32.7468882,-117.1319288,safe
s_177,0,2,0,1052,725,1315,37.81079078790549,32.7442432,-117.1324297,safe
s_178,0,2,1,694,534,956,12.793674720676382,32.746427,-117.133642,safe
s_179,0,1,0,792,633,1055,28.924453045417046,32.7455427,-117.133642,safe
s_180,0,4,0,885,725,1147,53.99337604542208,32.7447125,-117.133642,safe
s_181,0,6,0,626,368,919,48.506046419894,32.7477354,-117.1328052,safe
s_182,1,4,0,623,463,948,54.798698775329186,32.7462104,-117.1346935,safe
s_183,1,5,0,506,347,831,44.353251103797916,32.7472572,-117.1346506,safe
s_184,7,3,0,501,342,826,21.52804632359918,32.747573,-117.1349831,safe
s_185,0,2,0,712,552,1155,94.09050063576497,32.7449561,-117.1352084,safe
s_186,0,5,0,515,355,1157,35.36484013768742,32.7453712,-117.1368392,safe
s_187,3,6,0,382,223,1025,96.05683026815365,32.7465623,-117.136807,safe
s_188,2,1,0,273,214,1015,61.19364107879394,32.7470857,-117.1373251,safe
s_189,3,1,0,461,402,1204,59.8686472020396,32.7461112,-117.1373251,safe
s_190,0,0,0,476,417,1218,64.30449886572333,32.7452629,-117.1373359,safe
s_191,1,0,0,555,496,1298,60.851176662216,32.74455,-117.1373466,safe
s_192,2,3,0,437,460,1288,59.58494506734597,32.7455878,-117.1384624,safe
s_193,0,3,0,294,316,1144,29.650486308276168,32.746418,-117.1379152,safe
s_194,0,3,0,265,269,1252,90.67833509580915,32.7463458,-117.1389452,safe
s_195,1,4,1,433,593,1421,9.69870209595231,32.7448298,-117.1389988,safe
s_196,0,4,0,352,355,1339,96.1797862742188,32.7464631,-117.140061,safe
s_197,0,6,0,534,531,1514,73.92307758268417,32.7448839,-117.1400717,safe
s_198,1,1,0,398,403,1386,39.87211886796555,32.7456149,-117.1395138,safe
s_199,0,5,0,196,200,1183,60.77589620988712,32.7474286,-117.1395245,safe
s_200,0,5,0,302,308,1291,48.29886124211275,32.7474196,-117.1406779,safe
s_201,2,3,0,524,521,1505,50.74465256643251,32.7455923,-117.1407101,safe
s_202,1,3,0,711,711,1695,56.09546610860986,32.7437785,-117.1406618,safe
s_203,0,3,0,586,747,1575,26.581250677075044,32.7437785,-117.1393743,safe
s_204,0,7,1,665,668,1663,8.16501147628881,32.7454389,-117.1422175,safe
s_205,0,2,1,800,804,1798,7.361267346730563,32.7442207,-117.1422282,safe
s_206,0,3,0,665,668,1652,92.67185759821886,32.7445545,-117.1411446,safe
s_207,0,4,0,721,874,1702,55.1509301144252,32.743201,-117.140061,safe
s_208,0,6,0,613,610,1593,54.28948210502003,32.7441755,-117.140061,safe
s_209,6,8,1,885,450,849,11.670880423128182,32.7507769,-117.1437509,safe
s_210,0,6,0,824,917,688,95.72909485118406,32.7512191,-117.144974,safe
s_211,0,2,0,705,798,689,68.86015615445835,32.7506596,-117.145607,safe
s_212,0,1,0,656,678,931,22.43408317985464,32.750037,-117.1437509,safe
s_213,2,2,0,536,501,1050,46.67408388743576,32.7503077,-117.1421631,safe
s_214,0,5,0,629,629,845,53.43221531676683,32.7498024,-117.1449847,safe
s_215,0,6,0,562,528,913,35.30163484608497,32.7512777,-117.1412779,safe
s_216,1,5,0,382,362,604,61.060018289277586,32.7509893,-117.1375691,safe
s_217,0,6,0,520,360,468,44.49414956595975,32.7511788,-117.1363353,safe
s_218,7,1,0,514,494,470,65.26611406233158,32.7516661,-117.1369871,safe
s_219,0,3,1,756,412,1555,16.484720458178888,32.75312,-117.0898548,safe
s_220,0,2,0,835,392,1683,46.64565099024983,32.7526056,-117.0906702,safe
s_221,2,2,0,715,302,1697,71.54967920230807,32.7537065,-117.0906487,safe
s_222,0,5,0,898,373,1760,73.51738334469717,32.752353,-117.0911744,safe
s_223,0,6,0,394,406,1239,55.50498480960606,32.7536252,-117.0857993,safe
s_224,0,1,0,468,460,1286,65.16925520583173,32.7536072,-117.0863572,safe
s_225,0,3,0,371,363,1483,57.09790654180163,32.7544824,-117.0863357,safe
s_226,0,4,1,524,686,1241,19.562916851609756,32.7524613,-117.0857993,safe
s_227,2,1,0,434,404,1421,56.59697922817229,32.753923,-117.0874086,safe
s_228,0,4,0,315,286,1443,35.66481780582091,32.7545456,-117.0868722,safe
s_229,0,3,0,1526,1648,1451,33.293682415438724,32.7677185,-117.077136,safe
s_230,1,3,0,641,835,2179,30.36111574986672,32.7649759,-117.076106,safe
s_231,1,3,0,504,699,2043,37.424878633084155,32.7637489,-117.0760846,safe
s_232,0,2,0,406,600,2076,29.936174663381294,32.7628648,-117.076106,safe
s_233,0,3,1,1940,1399,1512,11.69482612572618,32.7665457,-117.0731878,safe
s_234,0,2,1,1815,1524,1637,16.22098438579128,32.7667442,-117.0744967,safe
s_235,0,3,1,2352,2465,1646,13.104193596563373,32.7642722,-117.0731449,safe
s_236,0,1,0,132,461,1848,40.33526896818907,32.7608528,-117.0745718,safe
s_237,0,1,1,68,402,2412,17.50174376420857,32.7618904,-117.0736491,safe
s_238,0,2,0,288,547,2285,75.52726002727827,32.7619806,-117.0749258,safe
s_239,0,3,0,337,529,2588,66.65859924109486,32.7618633,-117.0717716,safe
s_240,0,3,1,757,1073,1886,19.350838118758862,32.7632709,-117.0793681,safe
s_241,0,2,0,680,997,1865,27.096694275394647,32.7623777,-117.078939,safe
s_242,3,4,1,523,840,1957,16.733450143242795,32.7626755,-117.0776086,safe
s_243,0,3,1,636,953,1846,13.319183960643482,32.7634875,-117.0778232,safe
s_244,0,3,0,923,1239,2004,64.21426077479377,32.7640829,-117.0801406,safe
s_245,0,3,0,1097,1413,2179,39.12633276200225,32.7639903,-117.081765,safe
s_246,0,7,1,1170,1487,2252,7.9958827437190925,32.7652714,-117.0813573,safe
s_247,0,4,1,1162,2774,2244,11.725330803973215,32.7660834,-117.0809711,safe
s_248,1,4,0,1111,2063,1532,51.86931235314411,32.7663811,-117.0797587,safe
s_249,0,6,0,1967,2086,801,52.51574066283115,32.7742076,-117.0821352,safe
s_250,0,5,0,1802,1920,635,64.73087388178419,32.775696,-117.0821245,safe
s_251,0,4,0,1952,2071,786,33.136057006309,32.7750465,-117.082972,safe
s_252,0,3,1,2035,2154,869,19.966448710428878,32.7754705,-117.084238,safe
s_253,0,1,0,1938,2057,772,21.862949019578487,32.776102,-117.0841844,safe
s_254,0,8,0,2085,2204,919,45.3796839852524,32.7735671,-117.0835943,safe
s_255,0,2,0,1914,2033,748,40.240849277061464,32.7731612,-117.0813413,safe
s_256,0,4,0,2495,2854,1000,30.085313099019523,32.7728274,-117.0835943,safe
s_257,0,1,1,2290,2649,1205,12.892407881097423,32.773522,-117.085386,safe
s_258,0,4,1,1718,1836,551,10.11614853310653,32.7749293,-117.0813091,safe
s_259,0,6,0,1811,1930,644,63.50988645216779,32.7740903,-117.0813091,safe
s_260,0,2,0,1831,1950,665,77.29769011820056,32.7770672,-117.0821567,safe
s_261,1,6,0,594,65,1179,43.939153449599324,32.7717201,-117.0743937,safe
s_262,0,4,1,424,896,1009,14.344606700481927,32.7716434,-117.0725752,safe
s_263,1,3,0,936,57,341,38.16239189215629,32.7724688,-117.0754184,safe
s_264,1,2,0,1037,492,441,63.6960590039341,32.7725455,-117.0743616,safe
s_265,0,0,0,994,1113,247,49.01585110600468,32.7731409,-117.0755551,safe
s_266,0,4,0,1075,1434,1048,63.626940389422,32.7701361,-117.079773,safe
s_267,0,5,0,1182,1541,1155,45.448845906642624,32.769225,-117.0801164,safe
s_268,0,3,1,1244,1602,1216,19.583865258946094,32.7693964,-117.0808245,safe
s_269,0,7,0,1086,1445,1059,38.476644781168,32.7706413,-117.0803631,safe
s_270,0,4,1,2017,2136,850,13.179745742642874,32.7722381,-117.081318,safe
s_271,0,3,0,1936,2054,769,26.542832573482173,32.7729688,-117.0813394,safe
s_272,0,1,0,1259,1617,1232,72.67067524718792,32.7714713,-117.0825411,safe
s_273,0,4,0,1457,1816,1430,32.403316800260406,32.7697753,-117.0824874,safe
s_274,0,4,0,1533,1891,1506,44.52896607572188,32.7704158,-117.0827127,safe
s_275,0,2,0,806,1238,616,49.08662012363167,32.7693422,-117.0762862,safe
s_276,0,6,1,758,625,737,8.909628846120748,32.7690265,-117.0753796,safe
s_277,0,3,1,491,719,831,10.383251171722142,32.7697759,-117.0734741,safe
s_278,0,5,1,590,793,906,16.473282976211642,32.7690271,-117.0735814,safe
s_279,0,1,0,936,1038,2033,42.07591390240995,32.7740419,-117.063617,safe
s_280,0,5,0,1035,2968,2132,38.90283727954329,32.7759634,-117.0649581,safe
s_281,0,2,1,1075,3008,2173,15.968528705672005,32.7756476,-117.0659988,safe
s_282,0,4,1,2912,3157,2322,15.418457897077797,32.7765407,-117.0640247,safe
s_283,1,6,0,3540,3540,2949,62.37100319778212,32.7751727,-117.0602715,safe
s_284,1,3,0,3437,3437,2846,36.30814173347916,32.7749871,-117.0591952,safe
s_285,1,5,0,3356,1770,2766,36.98209853891547,32.7747345,-117.0605149,safe
s_286,0,6,1,1543,1736,2732,5.283259918939168,32.7744842,-117.0603137,safe
s_287,0,3,0,1466,1466,2841,82.0086148960394,32.7743647,-117.059434,safe
s_288,1,2,0,1382,1382,2757,32.73538809852462,32.7744255,-117.0585381,safe
s_289,0,3,0,1238,1238,3692,42.64710843530366,32.7728268,-117.0572133,safe
s_290,0,4,0,1169,1169,3624,36.85139606632431,32.7728629,-117.057959,safe
s_291,0,1,1,1245,1245,3700,19.41938743794084,32.773544,-117.0579804,safe
s_292,0,2,0,1302,1302,2495,44.53707423271284,32.7731606,-117.0589997,safe
s_293,0,5,1,1319,1319,2511,20.367545019397546,32.7728358,-117.0595415,safe
s_294,0,3,0,1200,1200,2392,49.834027608242366,32.7722359,-117.0590104,safe
s_295,0,3,0,1525,1525,2667,89.47633550682838,32.7750901,-117.0547794,safe
s_296,0,4,0,1476,1476,2618,22.68091084554861,32.7744406,-117.0545327,safe
s_297,0,4,0,1185,1185,2326,50.37634650360026,32.773764,-117.0531218,safe
s_298,0,5,0,1253,1253,2395,53.00580049439794,32.7738001,-117.0548438,safe
s_299,0,2,0,987,987,2129,34.607295306165234,32.7724061,-117.0536013,safe
s_300,0,2,0,740,740,2011,35.07984802832722,32.7713506,-117.0535583,safe
s_301,0,4,0,1040,1040,2619,35.42417273949165,32.772874,-117.0553075,safe
s_302,1,1,0,1099,376,2049,54.298204687059176,32.7691915,-117.050191,safe
s_303,0,1,0,811,216,2209,77.15107365657752,32.7692411,-117.0484744,safe
s_304,2,2,0,1009,472,1958,49.00587356959777,32.7691825,-117.0511566,safe
s_305,0,2,0,988,629,1698,48.6981472137809,32.7707522,-117.0509796,safe
s_306,2,3,0,866,866,2008,33.593230851762726,32.7744283,-117.0505924,safe
s_307,1,5,0,770,770,1912,43.976885933309326,32.7739592,-117.0497448,safe
s_308,0,6,0,785,785,1927,61.70584409303826,32.7731608,-117.0508338,safe
s_309,2,3,0,725,725,1867,72.50447429157423,32.7726241,-117.0507909,safe
s_310,0,5,1,1186,1186,2765,8.740378358167028,32.772072,-117.054549,safe
s_311,0,3,0,554,554,1695,44.553332319624595,32.7721801,-117.0492379,safe
s_312,0,2,0,451,451,1593,26.29870235605893,32.7712599,-117.0491521,safe
s_313,0,2,0,388,388,2874,23.10602099865532,32.7648556,-117.0571609,safe
s_314,0,4,0,937,1026,2621,51.72723531317975,32.763685,-117.0511157,safe
s_315,1,1,0,1018,1108,2703,36.89653886758982,32.7644203,-117.0511211,safe
s_316,1,2,0,1254,852,2447,137.83488658630807,32.76327,-117.0497585,safe
s_317,0,2,0,427,594,2022,79.6886441616274,32.7669004,-117.0442922,safe
s_318,0,3,0,1255,1255,4651,75.96844278233239,32.8235895,-117.1925599,safe
s_319,0,3,0,964,964,4515,113.41712618770758,32.8230124,-117.1912831,safe
s_320,0,3,1,593,593,4465,22.903673791352237,32.824207,-117.1887994,safe
s_321,0,4,0,808,808,4726,52.666594606702624,32.8242296,-117.1904785,safe
s_322,0,3,0,723,723,4641,33.554144744421215,32.8238644,-117.1896792,safe
s_323,0,2,0,539,539,4411,57.6321527359965,32.8249599,-117.1886009,safe
s_324,0,6,0,848,848,4651,72.92926736914977,32.8234497,-117.1905267,safe
s_325,1,4,0,616,616,4488,66.43312482112977,32.8238058,-117.1879089,safe
s_326,2,6,1,748,748,4620,20.050680968649523,32.8249238,-117.1902263,safe
s_327,0,1,0,873,873,4745,37.540836066154775,32.8253971,-117.1910739,safe
s_328,1,6,0,698,698,4570,85.55316294183909,32.82647,-117.1894217,safe
s_329,0,1,0,616,616,4488,87.78901237761328,32.825884,-117.1895477,safe
s_330,0,2,0,736,736,4608,20.657646157062192,32.827056,-117.1889952,safe
s_331,0,2,0,815,815,4687,32.303071272188355,32.8270019,-117.1904972,safe
s_332,0,5,0,1041,1041,4913,50.057744388464435,32.8257647,-117.1927379,safe
s_333,0,2,1,1141,1141,5013,20.475630325990398,32.8253274,-117.1936659,safe
s_334,0,5,0,1199,1199,5071,69.67109753761497,32.8249623,-117.1941004,safe
s_335,0,3,1,1020,1020,4892,13.857259915218894,32.8248631,-117.192931,safe
s_336,0,2,0,906,736,4815,83.89625819510566,32.8285344,-117.2099481,safe
s_337,2,3,0,767,597,5354,69.65097090826957,32.8291925,-117.2087143,safe
s_338,0,2,0,916,746,4840,54.26198659889524,32.8292286,-117.2103021,safe
s_339,0,3,0,616,446,5379,41.96449467697932,32.8296974,-117.2078989,safe
s_340,0,2,0,539,369,5479,83.79193914975762,32.8296794,-117.2070835,safe
s_341,0,4,0,444,274,5385,50.11791211108739,32.8305268,-117.207062,safe
s_342,0,3,1,573,403,5513,7.029029461444814,32.8316176,-117.2077272,safe
s_343,0,0,0,557,386,5497,72.90995591024674,32.8291114,-117.2066543,safe
s_344,0,1,0,772,602,5261,52.66767491260973,32.8281377,-117.2079472,safe
s_345,2,4,0,1266,1096,4801,76.83021450135985,32.8304186,-117.2113482,safe
s_346,0,6,0,1149,978,4684,71.17450965434837,32.8293999,-117.2116701,safe
s_347,0,1,0,1094,924,4679,63.75127398205807,32.8273585,-117.2107892,safe
s_348,0,1,0,1001,831,4772,90.41913584111725,32.8272728,-117.2098021,safe
s_349,0,5,0,1217,1047,4583,50.60680972402411,32.8271196,-117.2116099,safe
s_350,0,4,0,1053,883,4747,92.73925410250239,32.8268897,-117.2098719,safe
s_351,0,4,0,1147,977,4697,61.09640281971315,32.826209,-117.2100435,safe
s_352,0,2,0,573,1211,5438,45.00363199257274,32.8272771,-117.2021015,safe
s_353,1,1,0,580,1161,5452,81.95532953941078,32.8281877,-117.2010983,safe
s_354,0,1,0,682,1058,5555,84.7229060879403,32.8290396,-117.2006933,safe
s_355,0,7,0,1472,1576,4835,61.749956917281814,32.8314113,-117.2130851,safe
s_356,0,2,0,480,455,6072,89.12912682970183,32.8362286,-117.192444,safe
s_357,0,5,0,564,534,6157,71.47383997987146,32.8362196,-117.1915213,safe
s_358,0,4,0,340,340,5958,60.00296030338347,32.836508,-117.1945254,safe
s_359,1,4,0,394,394,6011,72.2593127865326,32.8363638,-117.1933667,safe
s_360,0,4,0,251,251,5869,33.10394607950483,32.8363818,-117.1954052,safe
s_361,0,3,0,557,557,6174,39.334148333446,32.8376258,-117.1940748,safe
s_362,0,2,0,715,715,6333,32.959093273098794,32.837743,-117.1932594,safe
s_363,0,2,0,734,704,6326,36.74108314156806,32.8370489,-117.1906738,safe
s_364,0,3,0,591,562,6184,55.61336686047344,32.8357688,-117.1906845,safe
s_365,0,3,0,904,875,6780,69.86932341506756,32.837112,-117.1883295,safe
s_366,2,2,0,964,934,6909,28.104513688631958,32.8378061,-117.1888928,safe
s_367,0,3,0,1068,1195,6805,64.16912901720832,32.837761,-117.187777,safe
s_368,0,2,0,783,754,6376,60.92871268936886,32.8366432,-117.1890752,safe
s_369,1,3,0,713,684,6306,69.7702866446386,32.8363908,-117.1898691,safe
s_370,0,2,0,904,875,6497,31.673948910330687,32.8381036,-117.1899442,safe
s_371,0,7,0,502,484,5244,40.466767391236075,32.8353022,-117.1778606,safe
s_372,0,3,0,569,551,5311,29.167591152721734,32.8352661,-117.1771418,safe
s_373,0,3,0,519,502,5261,72.17450930596833,32.8335353,-117.177528,safe
s_374,0,3,1,427,410,5169,17.89586431672405,32.833364,-117.178794,safe
s_375,0,6,0,517,500,5259,45.791414413790285,32.8328772,-117.1784185,safe
s_376,0,3,0,565,548,5307,67.58271343922912,32.8328141,-117.1796201,safe
s_377,0,6,1,130,90,4872,10.342578056955608,32.8334,-117.1756183,safe
s_378,0,5,0,546,529,5288,44.83443359743585,32.8353022,-117.1800654,safe
s_379,0,3,0,669,652,5411,88.23422500589402,32.8359602,-117.1769111,safe
s_380,0,1,0,834,817,5576,49.50249567496163,32.8359692,-117.182297,safe
s_381,0,5,0,1027,1650,2122,39.130175025725,32.912109,-117.1561489,safe
s_382,1,1,0,924,1194,2019,57.805128059024426,32.9098573,-117.1550975,safe
s_383,0,3,0,966,1152,2148,23.537978438206846,32.915745,-117.1556197,safe
s_384,0,2,0,897,1083,2079,31.46643709213023,32.9162043,-117.155373,safe
s_385,0,6,0,1077,1263,2259,62.87273162068598,32.9155559,-117.1565102,safe
s_386,0,3,0,657,843,1839,26.42953210160855,32.915709,-117.1522724,safe
s_387,0,6,0,716,902,1898,41.19617981546306,32.9154838,-117.1518968,safe
s_388,0,4,0,1039,1225,2222,32.71506378372062,32.914412,-117.1548044,safe
s_389,0,3,0,948,1134,2130,59.593288381605184,32.9152316,-117.1547936,safe
s_390,0,2,0,1238,1424,2420,36.53857800709152,32.9141418,-117.1561562,safe
s_391,0,2,0,607,306,1302,42.20986298801195,32.915972,-117.1468123,safe
s_392,0,3,0,685,223,1219,43.691256561748204,32.9159675,-117.1459379,safe
s_393,0,3,0,768,306,1302,43.79091740431489,32.9167151,-117.1459594,safe
s_394,0,3,0,1248,411,1144,34.1815036339408,32.9160035,-117.1451279,safe
s_395,0,3,0,1345,508,1241,67.2507055450593,32.9168727,-117.1451279,safe
s_396,0,4,0,742,408,1405,46.92815411250403,32.9170753,-117.1466245,safe
s_397,0,2,0,669,481,1477,31.80977952536769,32.9170393,-117.1474024,safe
s_398,1,1,1,1552,506,765,4.838660552787433,32.9157691,-117.1414598,safe
s_399,0,2,0,1602,556,714,52.60606384728119,32.9157623,-117.140922,safe
s_400,0,7,0,483,483,1113,59.412317053959946,32.9074013,-117.1423665,safe
s_401,0,4,1,562,562,1034,20.625429588505693,32.9075949,-117.1415565,safe
s_402,0,5,0,698,698,978,47.83680192209579,32.9083651,-117.1399686,safe
s_403,0,5,0,740,740,1020,36.92261802876832,32.9074013,-117.1402181,safe
s_404,0,8,0,807,807,1087,75.83196514243257,32.9080138,-117.1392203,safe
s_405,0,3,0,800,800,1080,76.51486391015703,32.9071536,-117.1407947,safe
s_406,0,5,1,621,648,1900,13.981945685554063,32.9102024,-117.150867,safe
s_407,0,3,1,599,733,1985,17.384691477304145,32.9105762,-117.1513606,safe
s_408,0,4,0,552,579,1832,32.168383225433224,32.9103803,-117.150167,safe
s_409,0,2,1,525,703,1956,14.591102456222629,32.910905,-117.1509515,safe
s_410,0,2,0,1089,1031,2283,37.21310244244942,32.909406,-117.1539815,safe
s_411,0,1,0,1088,1113,2365,30.928904327479522,32.9100906,-117.1543088,safe
s_412,0,3,0,1375,1090,2343,65.78550713504515,32.909343,-117.1526887,safe
s_413,0,3,0,937,937,1933,74.16415617979354,32.9205445,-117.1395525,safe
s_414,0,5,0,1117,1117,1752,57.955133197433746,32.9206346,-117.1376266,safe
s_415,0,3,0,1036,1036,1661,45.84967889401373,32.9213551,-117.1374603,safe
s_416,0,4,0,1217,1217,1618,43.80127548776931,32.9209813,-117.1365269,safe
s_417,0,3,0,984,984,2015,66.16846272146894,32.9220305,-117.1386593,safe
s_418,0,4,0,1102,1102,2134,48.935856051501446,32.9220666,-117.1373933,safe
s_419,0,4,0,945,945,1752,49.06339245075437,32.9213146,-117.1384286,safe
s_420,0,3,0,862,862,1835,28.490370660287034,32.9213056,-117.1393191,safe
s_421,0,2,1,395,395,2354,19.50090020984536,32.9272203,-117.144639,safe
s_422,1,3,0,751,751,2392,75.96788581565593,32.9273103,-117.1429492,safe
s_423,0,3,0,489,489,2292,27.602977344044152,32.9261584,-117.1447925,safe
s_424,0,4,0,180,180,2249,35.739325455156276,32.9254605,-117.142341,safe
s_425,0,7,0,93,93,2570,66.61031704965298,32.9253839,-117.1431886,safe
s_426,1,2,0,160,160,2637,109.16486165610672,32.9259873,-117.1431778,safe
s_427,0,2,0,507,507,1944,33.020426642630646,32.9233027,-117.142989,safe
s_428,0,5,0,743,743,2482,64.9840805154373,32.9226448,-117.141943,safe
s_429,0,1,0,714,714,2350,42.15381810689366,32.9223071,-117.1433592,safe
s_430,2,3,0,524,524,1932,44.19668395553659,32.9232262,-117.1450204,safe
s_431,0,4,0,827,827,2420,56.84918902527613,32.9229374,-117.1485836,safe
s_432,0,4,0,922,922,2325,40.87248790731692,32.9220818,-117.1485729,safe
s_433,0,6,0,812,812,2153,33.33513590904468,32.9230185,-117.1477414,safe
s_434,0,0,0,2683,2683,2782,59.226366322341974,32.9248256,-117.1540832,safe
s_435,0,0,0,2538,2538,2637,58.95467970189532,32.9235648,-117.1537828,safe
s_436,0,2,1,3117,3117,3216,11.917712643563815,32.9247625,-117.1563684,safe
s_437,0,4,0,3007,3007,3106,32.326612917283846,32.9257531,-117.1563577,safe
s_438,0,2,0,1403,1403,3195,66.26094059928255,32.9259176,-117.1522472,safe
s_439,0,2,0,2174,2174,3006,33.37722078756885,32.926602,-117.1545003,safe
s_440,0,1,0,1487,1487,3446,54.64746480340446,32.9279438,-117.1514426,safe
s_441,0,4,1,1489,1489,2898,21.09366504143454,32.9274395,-117.1507988,safe
s_442,0,5,0,1371,1371,2780,31.289808951356324,32.9274665,-117.1495328,safe
s_443,0,5,0,968,968,1990,69.04940154291901,32.9258721,-117.1356649,safe
s_444,0,5,0,1072,1072,2094,52.42425426814051,32.9267997,-117.1356703,safe
s_445,0,3,0,1224,1224,2246,40.15916742257293,32.9271059,-117.1344097,safe
s_446,0,4,0,1321,1321,2343,70.82860375161637,32.9271329,-117.1333743,safe
s_447,1,4,0,1199,1199,2221,105.81768331179754,32.9264169,-117.1338008,safe
s_448,0,4,0,1299,1299,2321,51.22659532579186,32.9261468,-117.1317194,safe
s_449,1,4,0,1359,1359,2230,23.87128056575438,32.925701,-117.132921,safe
s_450,0,5,0,1446,1446,2537,41.089795714011885,32.9274706,-117.1317087,safe
s_451,0,2,0,1343,1343,2441,58.288967010617554,32.9248768,-117.1291812,safe
s_452,0,3,0,1420,1420,2365,54.78156976362457,32.9248512,-117.1300046,safe
s_453,0,5,1,373,378,2326,20.041201144861667,32.9196414,-117.1244504,safe
s_454,0,4,0,453,457,2406,25.738080814351527,32.9196594,-117.1235653,safe
s_455,0,4,1,440,440,2318,22.526993876768174,32.9196304,-117.1257049,safe
s_456,0,0,0,559,564,2443,36.159003288727405,32.920603,-117.124353,safe
s_457,0,2,1,589,593,2195,9.682557983880505,32.9210488,-117.1258229,safe
s_458,0,3,0,888,893,2495,26.48921963068986,32.9217378,-117.1266383,safe
s_459,0,1,1,771,776,2377,20.210154860945885,32.9222061,-117.1257961,safe
s_460,0,4,0,1808,1748,3325,54.71259284297685,32.9231006,-117.1240643,safe
s_461,0,3,0,1854,1794,3087,25.17003720166313,32.9226864,-117.124126,safe
s_462,0,4,0,691,691,1906,41.427425993276245,32.9185461,-117.1279652,safe
s_463,0,2,0,624,624,2226,40.053878005643675,32.9192485,-117.1280523,safe
s_464,0,2,0,652,652,2221,63.85414281151029,32.9198924,-117.1276178,safe
s_465,0,3,0,826,826,2070,84.40114334192198,32.920014,-117.1293934,safe
s_466,0,1,0,1062,1062,3213,74.62625420172719,32.917641,-117.1115722,safe
s_467,0,1,0,1375,1375,3526,34.9158139489696,32.9195053,-117.11316,safe
s_468,0,3,1,1996,1996,3603,19.28841475233809,32.9216607,-117.1190319,safe
s_469,0,4,1,503,503,2931,9.681378583941257,32.7638092,-117.0542993,safe
s_470,0,3,1,785,785,2881,18.43598011527281,32.7641701,-117.0533122,safe
s_471,0,5,0,824,824,2642,40.653675940142854,32.7632655,-117.0518399,safe
s_472,0,3,0,461,461,2473,41.81798556404014,32.7655555,-117.0529728,safe
s_473,0,5,0,586,586,2348,43.30708971483236,32.7655645,-117.0516317,safe
s_474,0,6,0,1459,1459,2231,25.83736078575116,32.7082317,-117.0232852,safe
s_475,0,5,0,641,1129,2561,24.188875963973253,32.7111205,-117.0241006,safe
s_476,0,1,1,1449,2287,1806,23.504726004689864,32.7062095,-117.0258172,safe
s_477,0,4,1,1133,1626,2738,17.799931495094548,32.7122037,-117.0290036,safe
s_478,0,2,0,1339,1473,1696,54.15845869478844,32.7058709,-117.0269169,safe
s_479,0,4,1,1182,1676,2701,10.209264743278927,32.7122396,-117.0305489,safe
s_480,0,4,0,1341,1830,2855,68.5454369984539,32.7135847,-117.0309458,safe
s_481,0,3,2,1581,1603,1768,11.181366904492986,32.7049548,-117.0312495,safe
s_482,0,3,0,1418,1440,1606,39.02387439276947,32.705361,-117.0329983,safe
s_483,0,4,0,996,1018,1183,40.949888664135614,32.7045937,-117.0326979,safe
s_484,0,4,1,1244,1506,1672,8.828834542065952,32.7060874,-117.0295729,safe
s_485,0,5,0,931,952,1118,49.53339035256903,32.7052548,-117.0342424,safe
s_486,0,2,0,1414,1874,2039,32.581499505299654,32.7086763,-117.0296679,safe
s_487,0,7,0,1737,1759,1925,38.865956293532655,32.7083152,-117.0308159,safe
s_488,0,2,0,1161,1650,2114,37.627613709352005,32.7091186,-117.0270394,safe
s_489,0,0,0,3056,5324,5490,33.98523810123938,32.7170805,-117.0445765,safe
s_490,0,2,0,1494,2871,3036,39.5770549254825,32.7142822,-117.0409073,safe
s_491,0,4,0,1554,3095,3261,88.5341415275093,32.7161598,-117.0401133,safe
s_492,0,3,0,2201,3329,3494,63.67608428613698,32.7170986,-117.0384396,safe
s_493,0,3,0,1974,3480,3646,71.38520797035049,32.7186692,-117.0376028,safe
s_494,0,3,0,1408,2877,3043,28.147445202619487,32.7155731,-117.0365299,safe
s_495,0,3,0,1573,3042,3208,82.05082214385952,32.7159973,-117.0375277,safe
s_496,0,5,1,621,1507,3212,13.464968434938566,32.7158505,-117.0306165,safe
s_497,0,3,2,328,1219,3500,15.741393971456047,32.7168193,-117.0277733,safe
s_498,0,4,0,258,1144,3455,37.452668384197125,32.7185976,-117.0264,safe
s_499,0,2,0,1240,882,4035,27.375271690302295,32.7175144,-117.0243186,safe
s_500,0,3,0,355,1240,3551,130.37135650268908,32.7198522,-117.0259763,safe
s_501,0,6,0,663,1554,3341,30.30196214526776,32.7167385,-117.0302032,safe
s_502,0,2,1,1052,1942,3388,20.128589868400564,32.7182369,-117.0319198,safe
s_503,0,3,0,1185,2076,3522,33.620862904379294,32.7194374,-117.031952,safe
s_504,0,5,0,1087,1978,4179,65.22814070703392,32.7201054,-117.0298384,safe
s_505,0,1,1,1027,1526,5052,13.939476995974372,32.715906,-117.0752857,safe
s_506,0,2,1,1310,1810,4991,19.07347183489591,32.7158699,-117.0731184,safe
s_507,0,5,0,1427,2336,5108,22.304803082999527,32.7167365,-117.0724103,safe
s_508,0,5,1,1521,2169,4795,9.394504423901033,32.714877,-117.0729468,safe
s_509,0,6,0,2054,2251,5009,56.97782838528374,32.7190834,-117.0704577,safe
s_510,0,4,1,1229,1846,5181,10.529759126501173,32.7175128,-117.0748994,safe
s_511,2,2,0,148,734,4063,41.76404667674353,32.7167767,-117.0831764,safe
s_512,0,3,0,173,481,6224,62.06634869019049,32.7155401,-117.0844102,safe
s_513,0,4,0,489,1037,4405,72.66363238510381,32.7156303,-117.081728,safe
s_514,0,3,0,829,1141,5437,21.19104696508786,32.7145126,-117.079054,safe
s_515,0,2,1,2431,2608,6167,7.008260110031933,32.7244587,-117.0656999,safe
s_516,0,1,0,2682,2924,5233,33.1965812146596,32.7250183,-117.0630928,safe
s_517,0,1,0,2092,2727,5047,49.654047102444416,32.7223827,-117.0663973,safe
s_518,0,3,0,2762,2939,5717,43.39667474384973,32.7233575,-117.0635787,safe
s_519,0,2,0,2403,3090,4953,32.36234349192942,32.7232492,-117.0619157,safe
s_520,0,1,0,2971,3099,5010,90.47497142727228,32.7248739,-117.0607785,safe
s_521,0,6,1,315,315,2626,18.280626876205453,32.7442555,-117.0607406,safe
s_522,0,9,1,39,39,2860,10.20605377459497,32.7463851,-117.0584446,safe
s_523,0,3,0,189,189,3010,23.00293769097698,32.7477026,-117.0587987,safe
s_524,0,5,0,217,217,3039,49.409349003817,32.7460783,-117.056964,safe
s_525,0,4,1,347,347,3954,13.509715139386145,32.7457173,-117.0556336,safe
s_526,0,3,0,331,331,2544,28.21779065637593,32.7452752,-117.0606816,safe
s_527,0,9,0,572,572,2351,29.840694674364805,32.7463864,-117.0626597,safe
s_528,0,6,1,686,686,2464,12.496233091458013,32.7457457,-117.0636039,safe
s_529,0,7,1,691,691,2312,13.560748892497756,32.7467383,-117.0634108,safe
s_530,0,5,0,434,434,2677,33.012694837119085,32.7434319,-117.0607881,safe
s_531,0,5,0,1213,1213,2253,51.539951310873796,32.7425578,-117.0662563,safe
s_532,0,2,0,1356,1356,2238,27.88638402155171,32.7431173,-117.0671039,safe
s_533,0,3,0,1998,1462,2343,58.96185533863044,32.7435504,-117.0677154,safe
s_534,0,1,0,830,1577,913,128.61373723719328,32.7461516,-117.0767291,safe
s_535,0,1,0,268,1016,352,65.05330526191038,32.7472164,-117.0794327,safe
s_536,0,2,0,419,762,1310,24.23917730152542,32.7481877,-117.0812329,safe
s_537,1,4,1,815,537,810,9.135205054504008,32.7537928,-117.0784395,safe
s_538,0,5,0,1052,622,1048,50.6372001849769,32.7540009,-117.0775875,safe
s_539,0,5,0,458,801,1220,38.581401079808856,32.7476153,-117.0815374,safe
s_540,0,1,0,1289,1755,1577,56.16301297402414,32.7517346,-117.0705455,safe
s_541,0,5,0,682,216,510,25.330212800503535,32.7671507,-117.1954347,safe
s_542,0,3,0,1054,588,882,30.614769370432796,32.7687385,-117.1920873,safe
s_543,0,3,0,468,683,1059,62.36277535080796,32.7707322,-117.1998013,safe
s_544,0,5,0,774,640,1366,31.71161140321647,32.770642,-117.1986104,safe
s_545,1,6,0,865,731,1456,71.01419880405534,32.7710119,-117.1979453,safe
s_546,1,4,0,198,198,1278,41.665559084539325,32.7722478,-117.2016145,safe
s_547,0,2,0,229,229,1310,50.00694673392621,32.7715171,-117.2010137,safe
s_548,0,3,0,343,343,1424,54.769243045949985,32.7723696,-117.1998604,safe
s_549,0,3,0,542,578,905,53.54938422927903,32.7689191,-117.201197,safe
s_550,0,5,0,294,594,970,54.8300154160681,32.7695821,-117.1993892,safe
s_551,0,6,0,214,723,1050,37.29590349643702,32.7691337,-117.1987199,safe
s_552,0,3,0,185,185,3517,40.18911208734546,32.7912241,-117.202032,safe
s_553,0,2,0,268,268,3631,46.827187305256494,32.7922433,-117.2018389,safe
s_554,1,2,0,467,467,4068,81.8140647735672,32.7895105,-117.1994571,safe
s_555,0,1,0,366,565,3236,66.26748737390777,32.7864709,-117.2045855,safe
s_556,0,4,0,308,614,3187,39.964105873038434,32.7865791,-117.2051434,safe
s_557,0,1,0,285,368,3650,42.13938259709037,32.7926666,-117.2040562,safe
s_558,0,2,0,236,319,3601,40.75579388833255,32.7930454,-117.2028761,safe
s_559,0,1,0,105,188,3470,37.908181732041015,32.7918729,-117.2030155,safe
s_560,0,3,0,544,269,3529,58.89559249307438,32.7885456,-117.2036158,safe
s_561,0,3,0,1061,1632,2194,67.64278014408276,32.8097521,-117.2115658,safe
s_562,0,1,0,1358,1928,2491,65.23087321273911,32.8123474,-117.2113709,safe
s_563,0,1,2,1549,2120,2683,6.548724202593915,32.8124286,-117.21283,safe
s_564,0,4,0,1867,2438,3001,117.95735720818408,32.8111842,-117.2103409,safe
s_565,0,6,1,1641,14,2869,15.579351431245511,32.8061224,-117.2185861,safe
s_566,0,3,0,309,309,1305,48.425383090987175,32.8051001,-117.2209204,safe
s_567,0,3,0,1081,816,1128,116.60922400839607,32.8080624,-117.222739,safe
s_568,0,1,0,1114,850,1415,32.55563516042716,32.8101724,-117.2230501,safe
s_569,0,1,0,393,296,1462,90.65249899870382,32.8023354,-117.2406168,safe
s_570,3,0,0,558,461,1227,68.69750560952782,32.8038053,-117.2384496,safe
s_571,2,1,0,462,684,1090,72.06269998395572,32.8041209,-117.2370333,safe
s_572,1,3,0,405,445,905,72.06068996855196,32.8039316,-117.2355313,safe
s_573,0,3,0,385,462,817,82.30075888280345,32.8035528,-117.2350217,safe
s_574,0,2,0,570,793,1198,73.60665325788587,32.8050498,-117.2373338,safe
s_575,0,6,0,705,313,491,81.58732679613512,32.8025468,-117.2328892,safe
s_576,0,1,0,405,325,681,67.14621247074558,32.8029121,-117.2334578,safe
s_577,0,0,0,705,489,492,47.43284549356351,32.8031556,-117.2324654,safe
s_578,0,4,0,672,55,336,24.65859785039927,32.8029772,-117.2281315,safe
s_579,1,4,0,456,286,242,73.25320788149611,32.8028509,-117.2293009,safe
s_580,0,5,0,553,185,339,111.67176345542417,32.803401,-117.2289791,safe
s_581,0,5,0,384,111,170,43.98624297767081,32.8023279,-117.2293224,safe
s_582,0,1,0,964,800,1865,55.89249031803449,32.8064564,-117.2421832,safe
s_583,1,2,0,844,746,1689,47.7941201588657,32.8068803,-117.24037,safe
s_584,0,3,0,722,625,1688,40.56457822378692,32.8056899,-117.2411801,safe
s_585,0,14,0,1333,185,2561,41.54736194200434,32.796301,-117.2534693,safe
s_586,0,8,0,1401,367,2839,71.48786248155821,32.7976989,-117.2549392,safe
s_587,2,1,0,1301,396,2730,85.93771545538388,32.7985737,-117.2533835,safe
s_588,1,1,0,1142,343,2678,62.41792869046648,32.7989164,-117.2517098,safe
s_589,0,6,0,1314,490,2930,71.2644130212653,32.7986729,-117.2550464,safe
s_590,0,6,1,1187,575,2839,12.882414136429068,32.7995206,-117.25554,safe
s_591,0,5,0,991,628,2741,66.59057437769079,32.8009365,-117.2537375,safe
s_592,0,5,0,1066,532,2541,45.92311240158088,32.8014415,-117.2516776,safe
s_593,0,4,0,1771,1551,1104,29.56201228997678,32.7040186,-117.111613,safe
s_594,0,5,0,439,570,579,26.184454776244774,32.7086572,-117.1424428,safe
s_595,0,5,0,421,585,328,29.95881541501501,32.7094787,-117.1413109,safe
s_596,0,2,0,2043,2043,4194,37.57459564892486,32.9215216,-117.1130123,safe
s_597,2,4,0,1169,1654,2302,24.78765335299255,32.8093001,-117.2083644,safe
s_598,0,0,0,1375,1375,688,46.25330467740666,32.7127031,-117.1377889,safe
s_599,0,4,0,825,578,426,48.46085937690318,32.7105644,-117.1344989,safe
